Day,Actual Traffic Flow,RNN Predicted Traffic Flow
1.0,2600.0,2550.0
1.029029029029029,2614.5145145145143,2563.063063063063
1.058058058058058,2629.029029029029,2576.126126126126
1.087087087087087,2643.5435435435434,2589.189189189189
1.1161161161161162,2658.058058058058,2602.252252252252
1.145145145145145,2672.5725725725724,2615.3153153153153
1.1741741741741742,2687.087087087087,2628.3783783783783
1.2032032032032032,2701.6016016016015,2641.4414414414414
1.2322322322322323,2716.1161161161162,2654.5045045045044
1.2612612612612613,2730.6306306306305,2667.5675675675675
1.2902902902902902,2745.145145145145,2680.6306306306305
1.3193193193193193,2759.6596596596596,2693.6936936936936
1.3483483483483485,2774.1741741741744,2706.7567567567567
1.3773773773773774,2788.6886886886887,2719.8198198198197
1.4064064064064064,2803.203203203203,2732.8828828828828
1.4354354354354355,2817.7177177177177,2745.945945945946
1.4644644644644644,2832.232232232232,2759.009009009009
1.4934934934934936,2846.746746746747,2772.072072072072
1.5225225225225225,2861.261261261261,2785.135135135135
1.5515515515515514,2875.775775775776,2798.198198198198
1.5805805805805806,2890.29029029029,2811.261261261261
1.6096096096096097,2904.804804804805,2824.324324324324
1.6386386386386387,2919.319319319319,2837.387387387387
1.6676676676676676,2933.833833833834,2850.4504504504503
1.6966966966966968,2948.3483483483483,2863.5135135135133
1.725725725725726,2962.862862862863,2876.576576576577
1.7547547547547548,2977.3773773773773,2889.6396396396394
1.7837837837837838,2991.8918918918916,2902.7027027027025
1.8128128128128127,3006.4064064064064,2915.7657657657655
1.8418418418418419,3020.920920920921,2928.8288288288286
1.870870870870871,3035.4354354354355,2941.891891891892
1.8998998998999,3049.9499499499498,2954.954954954955
1.9289289289289289,3064.4644644644645,2968.0180180180178
1.957957957957958,3078.978978978979,2981.0810810810813
1.9869869869869872,3093.4934934934936,2994.1441441441443
2.016016016016016,3109.60960960961,3010.4104104104103
2.045045045045045,3127.027027027027,3029.2792792792793
2.0740740740740744,3144.444444444445,3048.1481481481483
2.103103103103103,3161.8618618618616,3067.0170170170168
2.1321321321321323,3179.2792792792793,3085.885885885886
2.161161161161161,3196.6966966966966,3104.7547547547547
2.19019019019019,3214.1141141141143,3123.6236236236236
2.2192192192192195,3231.5315315315315,3142.4924924924926
2.248248248248248,3248.948948948949,3161.361361361361
2.2772772772772774,3266.3663663663665,3180.2302302302305
2.3063063063063063,3283.7837837837837,3199.099099099099
2.335335335335335,3301.201201201201,3217.967967967968
2.3643643643643646,3318.6186186186187,3236.836836836837
2.3933933933933935,3336.036036036036,3255.705705705706
2.4224224224224224,3353.4534534534537,3274.5745745745744
2.451451451451452,3370.870870870871,3293.443443443444
2.4804804804804803,3388.288288288288,3312.3123123123123
2.5095095095095097,3405.705705705706,3331.1811811811813
2.5385385385385386,3423.123123123123,3350.0500500500502
2.5675675675675675,3440.5405405405404,3368.9189189189187
2.596596596596597,3457.957957957958,3387.787787787788
2.6256256256256254,3475.3753753753754,3406.6566566566567
2.6546546546546548,3492.792792792793,3425.5255255255256
2.6836836836836837,3510.2102102102103,3444.3943943943946
2.7127127127127126,3527.6276276276276,3463.263263263263
2.741741741741742,3545.0450450450453,3482.1321321321325
2.770770770770771,3562.4624624624626,3501.001001001001
2.7997997997998,3579.87987987988,3519.86986986987
2.8288288288288292,3597.2972972972975,3538.738738738739
2.8578578578578577,3614.714714714715,3557.6076076076074
2.886886886886887,3632.132132132132,3576.476476476477
2.915915915915916,3649.5495495495497,3595.3453453453453
2.944944944944945,3666.966966966967,3614.2142142142143
2.9739739739739743,3684.3843843843847,3633.0830830830832
3.0030030030030033,3700.900900900901,3650.900900900901
3.032032032032032,3709.60960960961,3659.60960960961
3.061061061061061,3718.3183183183182,3668.3183183183182
3.09009009009009,3727.027027027027,3677.027027027027
3.1191191191191194,3735.735735735736,3685.735735735736
3.1481481481481484,3744.4444444444443,3694.4444444444443
3.1771771771771773,3753.153153153153,3703.153153153153
3.206206206206206,3761.861861861862,3711.861861861862
3.235235235235235,3770.5705705705705,3720.5705705705705
3.2642642642642645,3779.2792792792793,3729.2792792792793
3.2932932932932935,3787.987987987988,3737.987987987988
3.3223223223223224,3796.6966966966966,3746.6966966966966
3.3513513513513513,3805.4054054054054,3755.4054054054054
3.3803803803803807,3814.1141141141143,3764.1141141141143
3.4094094094094096,3822.8228228228227,3772.8228228228227
3.4384384384384385,3831.5315315315315,3781.5315315315315
3.4674674674674675,3840.2402402402404,3790.2402402402404
3.4964964964964964,3848.948948948949,3798.948948948949
3.525525525525526,3857.6576576576576,3807.6576576576576
3.5545545545545547,3866.3663663663665,3816.3663663663665
3.5835835835835836,3875.075075075075,3825.075075075075
3.6126126126126126,3883.7837837837837,3833.7837837837837
3.641641641641642,3892.4924924924926,3842.4924924924926
3.670670670670671,3901.2012012012015,3851.2012012012015
3.6996996996997,3909.90990990991,3859.90990990991
3.7287287287287287,3918.6186186186187,3868.6186186186187
3.757757757757758,3927.3273273273276,3877.3273273273276
3.786786786786787,3936.036036036036,3886.036036036036
3.815815815815816,3944.744744744745,3894.744744744745
3.844844844844845,3953.4534534534537,3903.4534534534537
3.873873873873874,3962.162162162162,3912.162162162162
3.902902902902903,3970.870870870871,3920.870870870871
3.931931931931932,3979.57957957958,3929.57957957958
3.960960960960961,3988.288288288288,3938.288288288288
3.98998998998999,3996.996996996997,3946.996996996997
4.019019019019019,4011.411411411412,3961.411411411412
4.048048048048049,4028.828828828829,3978.828828828829
4.077077077077077,4046.2462462462463,3996.2462462462463
4.106106106106106,4063.6636636636636,4013.6636636636636
4.135135135135135,4081.0810810810813,4031.0810810810813
4.1641641641641645,4098.4984984984985,4048.4984984984985
4.193193193193194,4115.915915915916,4065.9159159159162
4.222222222222222,4133.333333333333,4083.3333333333335
4.251251251251251,4150.750750750751,4100.750750750751
4.28028028028028,4168.168168168168,4118.168168168168
4.3093093093093096,4185.585585585586,4135.585585585586
4.338338338338339,4203.003003003003,4153.003003003003
4.367367367367367,4220.420420420421,4170.420420420421
4.396396396396397,4237.837837837838,4187.837837837838
4.425425425425425,4255.255255255255,4205.255255255255
4.454454454454455,4272.672672672673,4222.672672672673
4.483483483483484,4290.090090090091,4240.090090090091
4.5125125125125125,4307.507507507507,4257.507507507507
4.541541541541542,4324.924924924925,4274.924924924925
4.57057057057057,4342.342342342342,4292.342342342342
4.5995995995996,4359.75975975976,4309.75975975976
4.628628628628629,4377.177177177177,4327.177177177177
4.6576576576576585,4394.594594594595,4344.594594594595
4.686686686686687,4412.012012012012,4362.012012012012
4.7157157157157155,4429.42942942943,4379.42942942943
4.744744744744745,4446.846846846847,4396.846846846847
4.773773773773774,4464.264264264264,4414.264264264264
4.802802802802804,4481.681681681682,4431.681681681682
4.831831831831832,4499.0990990990995,4449.0990990990995
4.8608608608608606,4516.516516516516,4466.516516516516
4.88988988988989,4533.933933933934,4483.933933933934
4.918918918918919,4551.351351351352,4501.351351351352
4.947947947947949,4568.768768768769,4518.768768768769
4.976976976976977,4586.186186186186,4536.186186186186
5.0060060060060065,4598.798798798799,4548.798798798799
5.035035035035035,4592.992992992993,4542.992992992993
5.064064064064064,4587.187187187187,4537.187187187187
5.093093093093093,4581.381381381381,4531.381381381381
5.122122122122122,4575.575575575575,4525.575575575575
5.151151151151152,4569.7697697697695,4519.7697697697695
5.18018018018018,4563.963963963964,4513.963963963964
5.2092092092092095,4558.158158158158,4508.158158158158
5.238238238238239,4552.352352352353,4502.352352352353
5.267267267267267,4546.546546546547,4496.546546546547
5.296296296296297,4540.740740740741,4490.740740740741
5.325325325325325,4534.934934934935,4484.934934934935
5.354354354354355,4529.129129129129,4479.129129129129
5.383383383383384,4523.323323323323,4473.323323323323
5.412412412412412,4517.517517517517,4467.517517517517
5.441441441441442,4511.711711711711,4461.711711711711
5.47047047047047,4505.905905905906,4455.905905905906
5.4994994994995,4500.1001001001005,4450.1001001001005
5.528528528528529,4494.294294294295,4444.294294294295
5.5575575575575575,4488.488488488489,4438.488488488489
5.586586586586587,4482.682682682683,4432.682682682683
5.615615615615616,4476.876876876877,4426.876876876877
5.644644644644645,4471.071071071071,4421.071071071071
5.673673673673674,4465.265265265265,4415.265265265265
5.702702702702703,4459.459459459459,4409.459459459459
5.731731731731732,4453.653653653653,4403.653653653653
5.760760760760761,4447.847847847847,4397.847847847847
5.78978978978979,4442.042042042042,4392.042042042042
5.818818818818819,4436.236236236236,4386.236236236236
5.847847847847848,4430.4304304304305,4380.4304304304305
5.876876876876877,4424.624624624625,4374.624624624625
5.9059059059059065,4418.818818818819,4368.818818818819
5.934934934934935,4413.013013013013,4363.013013013013
5.963963963963964,4407.207207207207,4357.207207207207
5.992992992992993,4401.401401401401,4351.401401401401
6.022022022022022,4395.595595595595,4345.595595595595
6.051051051051052,4389.78978978979,4339.78978978979
6.08008008008008,4383.983983983984,4333.983983983984
6.109109109109109,4378.178178178178,4328.178178178178
6.138138138138139,4372.372372372372,4322.372372372372
6.167167167167167,4366.5665665665665,4316.5665665665665
6.196196196196197,4360.760760760761,4310.760760760761
6.225225225225225,4354.954954954955,4304.954954954955
6.2542542542542545,4349.149149149149,4299.149149149149
6.283283283283284,4343.343343343343,4293.343343343343
6.312312312312312,4337.537537537538,4287.537537537538
6.341341341341342,4331.731731731732,4281.731731731732
6.37037037037037,4325.925925925926,4275.925925925926
6.3993993993994,4320.12012012012,4270.12012012012
6.428428428428429,4314.314314314314,4264.314314314314
6.4574574574574575,4308.508508508508,4258.508508508508
6.486486486486487,4302.7027027027025,4252.7027027027025
6.515515515515516,4296.896896896897,4246.896896896897
6.544544544544545,4291.091091091091,4241.091091091091
6.573573573573574,4285.285285285285,4235.285285285285
6.602602602602603,4279.47947947948,4229.47947947948
6.631631631631632,4273.673673673674,4223.673673673674
6.660660660660661,4267.867867867868,4217.867867867868
6.68968968968969,4262.062062062062,4212.062062062062
6.718718718718719,4256.256256256256,4206.256256256256
6.747747747747748,4250.45045045045,4200.45045045045
6.776776776776777,4244.644644644644,4194.644644644644
6.805805805805806,4238.8388388388385,4188.8388388388385
6.834834834834835,4233.033033033033,4183.033033033033
6.863863863863864,4227.227227227228,4177.227227227228
6.892892892892893,4221.421421421422,4171.421421421422
6.921921921921922,4215.615615615616,4165.615615615616
6.9509509509509515,4209.80980980981,4159.80980980981
6.97997997997998,4204.004004004004,4154.004004004004
7.009009009009009,4190.09009009009,4140.09009009009
7.038038038038039,4158.158158158158,4108.158158158158
7.067067067067067,4126.226226226226,4076.226226226226
7.096096096096097,4094.2942942942936,4044.2942942942936
7.125125125125125,4062.3623623623625,4012.3623623623625
7.1541541541541545,4030.43043043043,3980.43043043043
7.183183183183184,3998.4984984984976,3948.4984984984976
7.212212212212212,3966.5665665665665,3916.5665665665665
7.241241241241242,3934.634634634634,3884.634634634634
7.27027027027027,3902.702702702703,3852.702702702703
7.2992992992992995,3870.7707707707705,3820.7707707707705
7.328328328328329,3838.838838838838,3788.838838838838
7.357357357357357,3806.906906906907,3756.906906906907
7.386386386386387,3774.9749749749744,3724.9749749749744
7.415415415415416,3743.0430430430424,3693.0430430430424
7.444444444444445,3711.111111111111,3661.111111111111
7.473473473473474,3679.1791791791784,3629.1791791791784
7.5025025025025025,3647.2472472472473,3597.2472472472473
7.531531531531532,3615.315315315315,3565.315315315315
7.560560560560561,3583.3833833833824,3533.3833833833824
7.58958958958959,3551.4514514514512,3501.4514514514512
7.618618618618619,3519.5195195195192,3469.5195195195192
7.647647647647648,3487.5875875875877,3437.5875875875877
7.676676676676677,3455.655655655655,3405.655655655655
7.705705705705706,3423.723723723723,3373.723723723723
7.734734734734735,3391.7917917917916,3341.7917917917916
7.763763763763764,3359.859859859859,3309.859859859859
7.792792792792794,3327.927927927927,3277.927927927927
7.821821821821822,3295.9959959959956,3245.9959959959956
7.850850850850851,3264.0640640640636,3214.0640640640636
7.87987987987988,3232.132132132132,3182.132132132132
7.908908908908909,3200.2002002002,3150.2002002002
7.937937937937939,3168.2682682682675,3118.2682682682675
7.966966966966967,3136.336336336336,3086.336336336336
7.9959959959959965,3104.404404404404,3054.404404404404
8.025025025025025,3105.005005005005,3055.005005005005
8.054054054054054,3110.810810810811,3060.810810810811
8.083083083083084,3116.6166166166167,3066.6166166166167
8.112112112112111,3122.422422422422,3072.422422422422
8.14114114114114,3128.228228228228,3078.228228228228
8.17017017017017,3134.034034034034,3084.034034034034
8.1991991991992,3139.83983983984,3089.83983983984
8.228228228228229,3145.645645645646,3095.645645645646
8.257257257257258,3151.4514514514517,3101.4514514514517
8.286286286286288,3157.2572572572576,3107.2572572572576
8.315315315315317,3163.0630630630635,3113.0630630630635
8.344344344344345,3168.868868868869,3118.868868868869
8.373373373373374,3174.674674674675,3124.674674674675
8.402402402402402,3180.4804804804803,3130.4804804804803
8.431431431431431,3186.286286286286,3136.286286286286
8.46046046046046,3192.092092092092,3142.092092092092
8.48948948948949,3197.897897897898,3147.897897897898
8.518518518518519,3203.703703703704,3153.703703703704
8.547547547547548,3209.50950950951,3159.50950950951
8.576576576576578,3215.3153153153157,3165.3153153153157
8.605605605605607,3221.1211211211216,3171.1211211211216
8.634634634634635,3226.926926926927,3176.926926926927
8.663663663663664,3232.732732732733,3182.732732732733
8.692692692692694,3238.538538538539,3188.538538538539
8.721721721721721,3244.3443443443443,3194.3443443443443
8.75075075075075,3250.1501501501502,3200.1501501501502
8.77977977977978,3255.955955955956,3205.955955955956
8.80880880880881,3261.761761761762,3211.761761761762
8.837837837837839,3267.5675675675675,3217.5675675675675
8.866866866866868,3273.3733733733734,3223.3733733733734
8.895895895895897,3279.1791791791793,3229.1791791791793
8.924924924924925,3284.984984984985,3234.984984984985
8.953953953953954,3290.790790790791,3240.790790790791
8.982982982982984,3296.5965965965966,3246.5965965965966
9.012012012012013,3302.4024024024025,3252.4024024024025
9.04104104104104,3308.208208208208,3258.208208208208
9.07007007007007,3314.014014014014,3264.014014014014
9.0990990990991,3319.8198198198197,3269.8198198198197
9.128128128128129,3325.6256256256256,3275.6256256256256
9.157157157157158,3331.4314314314315,3281.4314314314315
9.186186186186186,3337.237237237237,3287.237237237237
9.215215215215215,3343.043043043043,3293.043043043043
9.244244244244245,3348.848848848849,3298.848848848849
9.273273273273274,3354.6546546546547,3304.6546546546547
9.302302302302303,3360.4604604604606,3310.4604604604606
9.331331331331333,3366.2662662662665,3316.2662662662665
9.36036036036036,3372.072072072072,3322.072072072072
9.38938938938939,3377.877877877878,3327.877877877878
9.418418418418419,3383.6836836836837,3333.6836836836837
9.447447447447448,3389.4894894894896,3339.4894894894896
9.476476476476478,3395.2952952952955,3345.2952952952955
9.505505505505505,3401.101101101101,3351.101101101101
9.534534534534535,3406.906906906907,3356.906906906907
9.563563563563564,3412.712712712713,3362.712712712713
9.592592592592593,3418.5185185185187,3368.5185185185187
9.621621621621623,3424.3243243243246,3374.3243243243246
9.65065065065065,3430.13013013013,3380.13013013013
9.67967967967968,3435.935935935936,3385.935935935936
9.70870870870871,3441.741741741742,3391.741741741742
9.737737737737739,3447.5475475475478,3397.5475475475478
9.766766766766768,3453.3533533533537,3403.3533533533537
9.795795795795796,3459.159159159159,3409.159159159159
9.824824824824825,3464.964964964965,3414.964964964965
9.853853853853854,3470.770770770771,3420.770770770771
9.882882882882884,3476.576576576577,3426.576576576577
9.911911911911913,3482.3823823823827,3432.3823823823827
9.94094094094094,3488.188188188188,3438.188188188188
9.96996996996997,3493.993993993994,3443.993993993994
9.998998998999,3499.7997997998,3449.7997997998
10.028028028028029,3485.9859859859857,3435.9859859859857
10.057057057057058,3471.471471471471,3421.471471471471
10.086086086086086,3456.956956956957,3406.956956956957
10.115115115115115,3442.4424424424424,3392.4424424424424
10.144144144144144,3427.9279279279276,3377.9279279279276
10.173173173173174,3413.413413413413,3363.413413413413
10.202202202202203,3398.8988988988986,3348.8988988988986
10.231231231231233,3384.384384384384,3334.384384384384
10.26026026026026,3369.86986986987,3319.86986986987
10.28928928928929,3355.355355355355,3305.355355355355
10.318318318318319,3340.8408408408404,3290.8408408408404
10.347347347347348,3326.3263263263257,3276.3263263263257
10.376376376376378,3311.8118118118114,3261.8118118118114
10.405405405405405,3297.2972972972975,3247.2972972972975
10.434434434434435,3282.7827827827828,3232.7827827827828
10.463463463463464,3268.268268268268,3218.268268268268
10.492492492492493,3253.7537537537532,3203.7537537537532
10.521521521521523,3239.2392392392385,3189.2392392392385
10.55055055055055,3224.7247247247246,3174.7247247247246
10.57957957957958,3210.21021021021,3160.21021021021
10.608608608608609,3195.6956956956956,3145.6956956956956
10.637637637637638,3181.181181181181,3131.181181181181
10.666666666666668,3166.666666666666,3116.666666666666
10.695695695695695,3152.152152152152,3102.152152152152
10.724724724724725,3137.6376376376375,3087.6376376376375
10.753753753753754,3123.123123123123,3073.123123123123
10.782782782782784,3108.6086086086084,3058.6086086086084
10.811811811811813,3094.0940940940936,3044.0940940940936
10.84084084084084,3079.57957957958,3029.57957957958
10.86986986986987,3065.065065065065,3015.065065065065
10.8988988988989,3050.5505505505503,3000.5505505505503
10.927927927927929,3036.0360360360355,2986.0360360360355
10.956956956956958,3021.521521521521,2971.521521521521
10.985985985985986,3007.0070070070074,2957.0070070070074
11.015015015015015,2998.4984984984985,2948.4984984984985
11.044044044044044,2995.5955955955956,2945.5955955955956
11.073073073073074,2992.6926926926926,2942.6926926926926
11.102102102102103,2989.7897897897897,2939.7897897897897
11.131131131131133,2986.8868868868867,2936.8868868868867
11.16016016016016,2983.983983983984,2933.983983983984
11.18918918918919,2981.0810810810813,2931.0810810810813
11.218218218218219,2978.1781781781783,2928.1781781781783
11.247247247247248,2975.2752752752754,2925.2752752752754
11.276276276276278,2972.3723723723724,2922.3723723723724
11.305305305305305,2969.4694694694695,2919.4694694694695
11.334334334334335,2966.5665665665665,2916.5665665665665
11.363363363363364,2963.6636636636636,2913.6636636636636
11.392392392392393,2960.7607607607606,2910.7607607607606
11.421421421421423,2957.8578578578577,2907.8578578578577
11.45045045045045,2954.954954954955,2904.954954954955
11.47947947947948,2952.052052052052,2902.052052052052
11.508508508508509,2949.1491491491493,2899.1491491491493
11.537537537537538,2946.2462462462463,2896.2462462462463
11.566566566566568,2943.3433433433433,2893.3433433433433
11.595595595595595,2940.4404404404404,2890.4404404404404
11.624624624624625,2937.5375375375374,2887.5375375375374
11.653653653653654,2934.6346346346345,2884.6346346346345
11.682682682682684,2931.7317317317315,2881.7317317317315
11.711711711711713,2928.8288288288286,2878.8288288288286
11.74074074074074,2925.925925925926,2875.925925925926
11.76976976976977,2923.023023023023,2873.023023023023
11.7987987987988,2920.12012012012,2870.12012012012
11.827827827827829,2917.2172172172172,2867.2172172172172
11.856856856856858,2914.3143143143143,2864.3143143143143
11.885885885885886,2911.4114114114113,2861.4114114114113
11.914914914914915,2908.5085085085084,2858.5085085085084
11.943943943943944,2905.6056056056054,2855.6056056056054
11.972972972972974,2902.7027027027025,2852.7027027027025
12.002002002002003,2899.7997997997995,2849.7997997997995
12.031031031031032,2896.8968968968966,2846.8968968968966
12.06006006006006,2893.993993993994,2843.993993993994
12.08908908908909,2891.091091091091,2841.091091091091
12.118118118118119,2888.188188188188,2838.188188188188
12.147147147147148,2885.285285285285,2835.285285285285
12.176176176176178,2882.3823823823823,2832.3823823823823
12.205205205205205,2879.4794794794793,2829.4794794794793
12.234234234234235,2876.5765765765764,2826.5765765765764
12.263263263263264,2873.6736736736734,2823.6736736736734
12.292292292292293,2870.7707707707705,2820.7707707707705
12.321321321321323,2867.8678678678675,2817.8678678678675
12.35035035035035,2864.964964964965,2814.964964964965
12.37937937937938,2862.062062062062,2812.062062062062
12.408408408408409,2859.159159159159,2809.159159159159
12.437437437437438,2856.256256256256,2806.256256256256
12.466466466466468,2853.353353353353,2803.353353353353
12.495495495495495,2850.4504504504503,2800.4504504504503
12.524524524524525,2847.5475475475473,2797.5475475475473
12.553553553553554,2844.644644644645,2794.644644644645
12.582582582582583,2841.741741741742,2791.741741741742
12.611611611611613,2838.838838838839,2788.838838838839
12.64064064064064,2835.935935935936,2785.935935935936
12.66966966966967,2833.033033033033,2783.033033033033
12.6986986986987,2830.13013013013,2780.13013013013
12.727727727727729,2827.227227227227,2777.227227227227
12.756756756756758,2824.324324324324,2774.324324324324
12.785785785785786,2821.4214214214217,2771.4214214214217
12.814814814814815,2818.5185185185187,2768.5185185185187
12.843843843843844,2815.6156156156158,2765.6156156156158
12.872872872872874,2812.712712712713,2762.712712712713
12.901901901901903,2809.80980980981,2759.80980980981
12.930930930930932,2806.906906906907,2756.906906906907
12.95995995995996,2804.004004004004,2754.004004004004
12.98898898898899,2801.101101101101,2751.101101101101
13.018018018018019,2796.396396396396,2746.396396396396
13.047047047047048,2790.59059059059,2740.59059059059
13.076076076076077,2784.7847847847843,2734.7847847847843
13.105105105105105,2778.978978978979,2728.978978978979
13.134134134134134,2773.173173173173,2723.173173173173
13.163163163163164,2767.367367367367,2717.367367367367
13.192192192192193,2761.5615615615616,2711.5615615615616
13.221221221221223,2755.7557557557557,2705.7557557557557
13.25025025025025,2749.9499499499498,2699.9499499499498
13.27927927927928,2744.144144144144,2694.144144144144
13.308308308308309,2738.3383383383384,2688.3383383383384
13.337337337337338,2732.5325325325325,2682.5325325325325
13.366366366366368,2726.7267267267266,2676.7267267267266
13.395395395395395,2720.920920920921,2670.920920920921
13.424424424424425,2715.1151151151153,2665.1151151151153
13.453453453453454,2709.3093093093094,2659.3093093093094
13.482482482482483,2703.5035035035035,2653.5035035035035
13.511511511511513,2697.6976976976975,2647.6976976976975
13.54054054054054,2691.891891891892,2641.891891891892
13.56956956956957,2686.086086086086,2636.086086086086
13.598598598598599,2680.2802802802803,2630.2802802802803
13.627627627627628,2674.4744744744744,2624.4744744744744
13.656656656656658,2668.6686686686685,2618.6686686686685
13.685685685685687,2662.8628628628626,2612.8628628628626
13.714714714714715,2657.057057057057,2607.057057057057
13.743743743743744,2651.2512512512512,2601.2512512512512
13.772772772772774,2645.4454454454453,2595.4454454454453
13.801801801801803,2639.6396396396394,2589.6396396396394
13.830830830830832,2633.8338338338335,2583.8338338338335
13.85985985985986,2628.028028028028,2578.028028028028
13.88888888888889,2622.222222222222,2572.222222222222
13.917917917917919,2616.4164164164163,2566.4164164164163
13.946946946946948,2610.6106106106104,2560.6106106106104
13.975975975975977,2604.8048048048045,2554.8048048048045
14.005005005005005,2599.4994994994995,2549.4994994994995
14.034034034034034,2596.5965965965966,2546.5965965965966
14.063063063063064,2593.6936936936936,2543.6936936936936
14.092092092092093,2590.7907907907907,2540.7907907907907
14.121121121121122,2587.8878878878877,2537.8878878878877
14.15015015015015,2584.984984984985,2534.984984984985
14.17917917917918,2582.0820820820823,2532.0820820820823
14.208208208208209,2579.1791791791793,2529.1791791791793
14.237237237237238,2576.2762762762763,2526.2762762762763
14.266266266266268,2573.3733733733734,2523.3733733733734
14.295295295295295,2570.4704704704704,2520.4704704704704
14.324324324324325,2567.5675675675675,2517.5675675675675
14.353353353353354,2564.6646646646645,2514.6646646646645
14.382382382382383,2561.7617617617616,2511.7617617617616
14.411411411411413,2558.8588588588586,2508.8588588588586
14.44044044044044,2555.955955955956,2505.955955955956
14.46946946946947,2553.053053053053,2503.053053053053
14.498498498498499,2550.1501501501502,2500.1501501501502
14.527527527527528,2547.2472472472473,2497.2472472472473
14.556556556556558,2544.3443443443443,2494.3443443443443
14.585585585585587,2541.4414414414414,2491.4414414414414
14.614614614614615,2538.5385385385384,2488.5385385385384
14.643643643643644,2535.6356356356355,2485.6356356356355
14.672672672672673,2532.7327327327325,2482.7327327327325
14.701701701701703,2529.8298298298296,2479.8298298298296
14.730730730730732,2526.9269269269266,2476.9269269269266
14.75975975975976,2524.024024024024,2474.024024024024
14.78878878878879,2521.121121121121,2471.121121121121
14.817817817817819,2518.218218218218,2468.218218218218
14.846846846846848,2515.3153153153153,2465.3153153153153
14.875875875875877,2512.4124124124123,2462.4124124124123
14.904904904904905,2509.5095095095094,2459.5095095095094
14.933933933933934,2506.6066066066064,2456.6066066066064
14.962962962962964,2503.7037037037035,2453.7037037037035
14.991991991991993,2500.8008008008005,2450.8008008008005
15.021021021021022,2497.8978978978976,2447.8978978978976
15.05005005005005,2494.994994994995,2444.994994994995
15.07907907907908,2492.092092092092,2442.092092092092
15.108108108108109,2489.189189189189,2439.189189189189
15.137137137137138,2486.286286286286,2436.286286286286
15.166166166166168,2483.3833833833833,2433.3833833833833
15.195195195195195,2480.4804804804803,2430.4804804804803
15.224224224224224,2477.5775775775774,2427.5775775775774
15.253253253253254,2474.6746746746744,2424.6746746746744
15.282282282282283,2471.7717717717715,2421.7717717717715
15.311311311311313,2468.868868868869,2418.868868868869
15.34034034034034,2465.965965965966,2415.965965965966
15.36936936936937,2463.063063063063,2413.063063063063
15.398398398398399,2460.16016016016,2410.16016016016
15.427427427427428,2457.257257257257,2407.257257257257
15.456456456456458,2454.354354354354,2404.354354354354
15.485485485485487,2451.4514514514512,2401.4514514514512
15.514514514514515,2448.5485485485488,2398.5485485485488
15.543543543543544,2445.645645645646,2395.645645645646
15.572572572572573,2442.742742742743,2392.742742742743
15.601601601601603,2439.83983983984,2389.83983983984
15.630630630630632,2436.936936936937,2386.936936936937
15.65965965965966,2434.034034034034,2384.034034034034
15.68868868868869,2431.131131131131,2381.131131131131
15.717717717717719,2428.228228228228,2378.228228228228
15.746746746746748,2425.325325325325,2375.325325325325
15.775775775775777,2422.422422422422,2372.422422422422
15.804804804804805,2419.5195195195197,2369.5195195195197
15.833833833833834,2416.6166166166167,2366.6166166166167
15.862862862862864,2413.713713713714,2363.713713713714
15.891891891891893,2410.810810810811,2360.810810810811
15.920920920920922,2407.907907907908,2357.907907907908
15.94994994994995,2405.005005005005,2355.005005005005
15.97897897897898,2402.102102102102,2352.102102102102
16.00800800800801,2398.398398398398,2348.398398398398
16.037037037037038,2392.592592592592,2342.592592592592
16.066066066066067,2386.7867867867867,2336.7867867867867
16.095095095095097,2380.980980980981,2330.980980980981
16.124124124124123,2375.1751751751754,2325.1751751751754
16.153153153153156,2369.369369369369,2319.369369369369
16.18218218218218,2363.5635635635635,2313.5635635635635
16.211211211211214,2357.757757757757,2307.757757757757
16.24024024024024,2351.9519519519517,2301.9519519519517
16.26926926926927,2346.1461461461463,2296.1461461461463
16.2982982982983,2340.3403403403404,2290.3403403403404
16.32732732732733,2334.5345345345345,2284.5345345345345
16.356356356356358,2328.7287287287286,2278.7287287287286
16.385385385385387,2322.9229229229227,2272.9229229229227
16.414414414414416,2317.117117117117,2267.117117117117
16.443443443443442,2311.3113113113113,2261.3113113113113
16.472472472472475,2305.505505505505,2255.505505505505
16.5015015015015,2299.6996996997,2249.6996996997
16.530530530530534,2293.893893893893,2243.893893893893
16.55955955955956,2288.088088088088,2238.088088088088
16.58858858858859,2282.2822822822823,2232.2822822822823
16.61761761761762,2276.4764764764764,2226.4764764764764
16.646646646646648,2270.6706706706705,2220.6706706706705
16.675675675675677,2264.8648648648646,2214.8648648648646
16.704704704704703,2259.0590590590596,2209.0590590590596
16.733733733733736,2253.2532532532528,2203.2532532532528
16.762762762762762,2247.4474474474478,2197.4474474474478
16.791791791791795,2241.641641641641,2191.641641641641
16.82082082082082,2235.835835835836,2185.835835835836
16.84984984984985,2230.03003003003,2180.03003003003
16.87887887887888,2224.224224224224,2174.224224224224
16.90790790790791,2218.4184184184182,2168.4184184184182
16.936936936936938,2212.6126126126123,2162.6126126126123
16.965965965965967,2206.8068068068064,2156.8068068068064
16.994994994994997,2201.0010010010005,2151.0010010010005
17.024024024024026,2195.1951951951946,2145.1951951951946
17.053053053053056,2189.3893893893887,2139.3893893893887
17.08208208208208,2183.5835835835837,2133.5835835835837
17.11111111111111,2177.777777777778,2127.777777777778
17.14014014014014,2171.971971971972,2121.971971971972
17.16916916916917,2166.166166166166,2116.166166166166
17.1981981981982,2160.36036036036,2110.36036036036
17.227227227227228,2154.554554554554,2104.554554554554
17.256256256256258,2148.7487487487483,2098.7487487487483
17.285285285285287,2142.9429429429424,2092.9429429429424
17.314314314314316,2137.137137137137,2087.137137137137
17.343343343343346,2131.331331331331,2081.331331331331
17.37237237237237,2125.5255255255256,2075.5255255255256
17.4014014014014,2119.7197197197197,2069.7197197197197
17.43043043043043,2113.913913913914,2063.913913913914
17.45945945945946,2108.108108108108,2058.108108108108
17.48848848848849,2102.302302302302,2052.302302302302
17.51751751751752,2096.4964964964965,2046.4964964964963
17.546546546546548,2090.6906906906906,2040.6906906906904
17.575575575575577,2084.8848848848847,2034.8848848848845
17.604604604604607,2079.079079079079,2029.0790790790786
17.633633633633636,2073.273273273273,2023.273273273273
17.662662662662665,2067.467467467467,2017.467467467467
17.69169169169169,2061.6616616616616,2011.6616616616618
17.72072072072072,2055.855855855856,2005.855855855856
17.74974974974975,2050.0500500500502,2000.05005005005
17.77877877877878,2044.244244244244,1994.244244244244
17.80780780780781,2038.4384384384382,1988.4384384384382
17.836836836836838,2032.6326326326325,1982.6326326326325
17.865865865865867,2026.8268268268266,1976.8268268268266
17.894894894894897,2021.0210210210207,1971.0210210210207
17.923923923923926,2015.2152152152148,1965.2152152152148
17.952952952952955,2009.409409409409,1959.409409409409
17.98198198198198,2003.6036036036037,1953.6036036036037
18.01101101101101,2007.7077077077074,1957.7077077077074
18.04004004004004,2028.028028028028,1978.028028028028
18.06906906906907,2048.3483483483487,1998.3483483483485
18.0980980980981,2068.668668668669,2018.6686686686692
18.127127127127128,2088.9889889889896,2038.9889889889896
18.156156156156158,2109.3093093093103,2059.3093093093103
18.185185185185187,2129.629629629631,2079.629629629631
18.214214214214216,2149.9499499499516,2099.9499499499516
18.243243243243246,2170.270270270272,2120.270270270272
18.27227227227227,2190.59059059059,2140.59059059059
18.3013013013013,2210.9109109109104,2160.9109109109104
18.33033033033033,2231.231231231231,2181.231231231231
18.35935935935936,2251.5515515515517,2201.5515515515517
18.38838838838839,2271.8718718718724,2221.8718718718724
18.41741741741742,2292.192192192193,2242.192192192193
18.446446446446448,2312.5125125125132,2262.5125125125132
18.475475475475477,2332.832832832834,2282.832832832834
18.504504504504506,2353.1531531531546,2303.1531531531546
18.533533533533536,2373.473473473475,2323.473473473475
18.562562562562565,2393.793793793796,2343.793793793796
18.59159159159159,2414.114114114114,2364.114114114114
18.62062062062062,2434.4344344344345,2384.4344344344345
18.64964964964965,2454.7547547547547,2404.7547547547547
18.67867867867868,2475.0750750750753,2425.0750750750753
18.70770770770771,2495.395395395396,2445.395395395396
18.736736736736738,2515.7157157157167,2465.7157157157167
18.765765765765767,2536.0360360360373,2486.0360360360373
18.794794794794797,2556.3563563563575,2506.3563563563575
18.823823823823826,2576.676676676678,2526.676676676678
18.852852852852855,2596.996996996999,2546.996996996999
18.88188188188188,2617.317317317317,2567.317317317317
18.91091091091091,2637.6376376376375,2587.6376376376375
18.93993993993994,2657.957957957958,2607.957957957958
18.96896896896897,2678.278278278279,2628.278278278279
18.997997997998,2698.598598598599,2648.598598598599
19.027027027027028,2740.540540540542,2690.540540540542
19.056056056056057,2784.084084084086,2734.084084084086
19.085085085085087,2827.6276276276303,2777.6276276276303
19.114114114114116,2871.171171171174,2821.171171171174
19.143143143143146,2914.7147147147184,2864.7147147147184
19.17217217217217,2958.2582582582572,2908.2582582582572
19.2012012012012,3001.801801801801,2951.801801801801
19.23023023023023,3045.3453453453453,2995.3453453453453
19.25925925925926,3088.888888888889,3038.888888888889
19.28828828828829,3132.4324324324334,3082.4324324324334
19.31731731731732,3175.9759759759772,3125.9759759759772
19.346346346346348,3219.5195195195215,3169.5195195195215
19.375375375375377,3263.063063063066,3213.063063063066
19.404404404404406,3306.6066066066096,3256.6066066066096
19.433433433433436,3350.1501501501534,3300.1501501501534
19.462462462462465,3393.6936936936977,3343.6936936936977
19.49149149149149,3437.2372372372365,3387.2372372372365
19.52052052052052,3480.7807807807803,3430.7807807807803
19.54954954954955,3524.3243243243246,3474.3243243243246
19.57857857857858,3567.867867867869,3517.867867867869
19.60760760760761,3611.4114114114127,3561.4114114114127
19.636636636636638,3654.9549549549565,3604.9549549549565
19.665665665665667,3698.498498498501,3648.498498498501
19.694694694694697,3742.042042042045,3692.042042042045
19.723723723723726,3785.585585585589,3735.585585585589
19.752752752752755,3829.1291291291327,3779.1291291291327
19.78178178178178,3872.672672672672,3822.672672672672
19.81081081081081,3916.216216216216,3866.216216216216
19.83983983983984,3959.7597597597596,3909.7597597597596
19.86886886886887,4003.303303303304,3953.303303303304
19.8978978978979,4046.846846846848,3996.846846846848
19.926926926926928,4090.390390390392,4040.390390390392
19.955955955955957,4133.933933933936,4083.933933933936
19.984984984984987,4177.47747747748,4127.47747747748
20.014014014014016,4207.007007007008,4157.007007007008
20.043043043043046,4221.521521521523,4171.521521521523
20.07207207207207,4236.0360360360355,4186.0360360360355
20.1011011011011,4250.550550550551,4200.550550550551
20.13013013013013,4265.065065065065,4215.065065065065
20.15915915915916,4279.579579579579,4229.579579579579
20.18818818818819,4294.0940940940945,4244.0940940940945
20.217217217217218,4308.608608608609,4258.608608608609
20.246246246246248,4323.123123123124,4273.123123123124
20.275275275275277,4337.637637637638,4287.637637637638
20.304304304304306,4352.152152152154,4302.152152152154
20.333333333333336,4366.666666666668,4316.666666666668
20.362362362362365,4381.181181181182,4331.181181181182
20.39139139139139,4395.695695695696,4345.695695695696
20.42042042042042,4410.21021021021,4360.21021021021
20.44944944944945,4424.724724724725,4374.724724724725
20.47847847847848,4439.239239239239,4389.239239239239
20.50750750750751,4453.753753753755,4403.753753753755
20.536536536536538,4468.268268268269,4418.268268268269
20.565565565565567,4482.782782782783,4432.782782782783
20.594594594594597,4497.297297297298,4447.297297297298
20.623623623623626,4511.811811811813,4461.811811811813
20.652652652652655,4526.326326326328,4476.326326326328
20.68168168168168,4540.84084084084,4490.84084084084
20.71071071071071,4555.355355355356,4505.355355355356
20.73973973973974,4569.86986986987,4519.86986986987
20.76876876876877,4584.384384384384,4534.384384384384
20.7977977977978,4598.8988988988995,4548.8988988988995
20.826826826826828,4613.413413413414,4563.413413413414
20.855855855855857,4627.927927927929,4577.927927927929
20.884884884884887,4642.442442442443,4592.442442442443
20.913913913913916,4656.956956956958,4606.956956956958
20.942942942942945,4671.471471471473,4621.471471471473
20.97197197197197,4685.985985985985,4635.985985985985
21.001001001001,4699.7997997998,4649.7997997998
21.03003003003003,4693.993993993994,4643.993993993994
21.05905905905906,4688.188188188188,4638.188188188188
21.08808808808809,4682.382382382382,4632.382382382382
21.117117117117118,4676.576576576576,4626.576576576576
21.146146146146148,4670.7707707707705,4620.7707707707705
21.175175175175177,4664.964964964965,4614.964964964965
21.204204204204206,4659.159159159159,4609.159159159159
21.233233233233236,4653.353353353353,4603.353353353353
21.262262262262265,4647.547547547547,4597.547547547547
21.29129129129129,4641.741741741742,4591.741741741742
21.32032032032032,4635.935935935936,4585.935935935936
21.34934934934935,4630.13013013013,4580.13013013013
21.37837837837838,4624.324324324324,4574.324324324324
21.40740740740741,4618.518518518518,4568.518518518518
21.436436436436438,4612.712712712712,4562.712712712712
21.465465465465467,4606.906906906906,4556.906906906906
21.494494494494496,4601.1011011011005,4551.1011011011005
21.523523523523526,4595.295295295295,4545.295295295295
21.552552552552555,4589.489489489489,4539.489489489489
21.58158158158158,4583.683683683684,4533.683683683684
21.61061061061061,4577.877877877878,4527.877877877878
21.63963963963964,4572.072072072072,4522.072072072072
21.66866866866867,4566.266266266266,4516.266266266266
21.6976976976977,4560.46046046046,4510.46046046046
21.726726726726728,4554.654654654654,4504.654654654654
21.755755755755757,4548.848848848848,4498.848848848848
21.784784784784787,4543.043043043042,4493.043043043042
21.813813813813816,4537.2372372372365,4487.2372372372365
21.842842842842845,4531.431431431431,4481.431431431431
21.87187187187187,4525.625625625626,4475.625625625626
21.9009009009009,4519.81981981982,4469.81981981982
21.92992992992993,4514.014014014014,4464.014014014014
21.95895895895896,4508.208208208208,4458.208208208208
21.98798798798799,4502.402402402402,4452.402402402402
22.017017017017018,4491.491491491491,4441.491491491491
22.046046046046047,4476.976976976976,4426.976976976976
22.075075075075077,4462.462462462461,4412.462462462461
22.104104104104106,4447.947947947947,4397.947947947947
22.133133133133136,4433.433433433433,4383.433433433433
22.162162162162165,4418.918918918917,4368.918918918917
22.19119119119119,4404.404404404405,4354.404404404405
22.22022022022022,4389.88988988989,4339.88988988989
22.24924924924925,4375.375375375375,4325.375375375375
22.27827827827828,4360.86086086086,4310.86086086086
22.30730730730731,4346.346346346346,4296.346346346346
22.336336336336338,4331.831831831832,4281.831831831832
22.365365365365367,4317.317317317316,4267.317317317316
22.394394394394396,4302.802802802802,4252.802802802802
22.423423423423426,4288.288288288287,4238.288288288287
22.452452452452455,4273.7737737737725,4223.7737737737725
22.48148148148148,4259.259259259259,4209.259259259259
22.51051051051051,4244.744744744745,4194.744744744745
22.53953953953954,4230.2302302302305,4180.2302302302305
22.56856856856857,4215.715715715715,4165.715715715715
22.5975975975976,4201.201201201201,4151.201201201201
22.626626626626628,4186.686686686686,4136.686686686686
22.655655655655657,4172.1721721721715,4122.1721721721715
22.684684684684687,4157.657657657657,4107.657657657657
22.713713713713716,4143.143143143142,4093.143143143142
22.742742742742745,4128.628628628628,4078.628628628627
22.77177177177177,4114.114114114114,4064.1141141141143
22.8008008008008,4099.5995995996,4049.5995995996
22.82982982982983,4085.085085085085,4035.085085085085
22.85885885885886,4070.5705705705705,4020.5705705705705
22.88788788788789,4056.0560560560557,4006.0560560560557
22.916916916916918,4041.541541541541,3991.541541541541
22.945945945945947,4027.027027027026,3977.027027027026
22.974974974974977,4012.5125125125114,3962.5125125125114
23.004004004004006,3998.798798798798,3948.798798798798
23.033033033033036,3990.0900900900892,3940.0900900900892
23.062062062062065,3981.3813813813804,3931.3813813813804
23.09109109109109,3972.672672672673,3922.672672672673
23.12012012012012,3963.963963963964,3913.963963963964
23.14914914914915,3955.255255255255,3905.255255255255
23.17817817817818,3946.5465465465463,3896.5465465465463
23.207207207207208,3937.8378378378375,3887.8378378378375
23.236236236236238,3929.1291291291286,3879.1291291291286
23.265265265265267,3920.4204204204198,3870.4204204204198
23.294294294294296,3911.711711711711,3861.711711711711
23.323323323323326,3903.0030030030025,3853.0030030030025
23.352352352352355,3894.2942942942936,3844.2942942942936
23.38138138138138,3885.5855855855857,3835.5855855855857
23.41041041041041,3876.876876876877,3826.876876876877
23.43943943943944,3868.168168168168,3818.168168168168
23.46846846846847,3859.459459459459,3809.459459459459
23.4974974974975,3850.7507507507503,3800.7507507507503
23.526526526526528,3842.0420420420414,3792.0420420420414
23.555555555555557,3833.333333333333,3783.333333333333
23.584584584584587,3824.624624624624,3774.624624624624
23.613613613613616,3815.9159159159153,3765.9159159159153
23.642642642642645,3807.2072072072065,3757.2072072072065
23.67167167167167,3798.4984984984985,3748.4984984984985
23.7007007007007,3789.7897897897897,3739.7897897897897
23.72972972972973,3781.081081081081,3731.081081081081
23.75875875875876,3772.3723723723724,3722.3723723723724
23.78778778778779,3763.6636636636636,3713.6636636636636
23.816816816816818,3754.9549549549547,3704.9549549549547
23.845845845845847,3746.246246246246,3696.246246246246
23.874874874874877,3737.537537537537,3687.537537537537
23.903903903903906,3728.828828828828,3678.828828828828
23.932932932932935,3720.1201201201193,3670.1201201201193
23.961961961961965,3711.4114114114104,3661.4114114114104
23.99099099099099,3702.702702702703,3652.702702702703
24.02002002002002,3695.995995995996,3645.995995995996
24.04904904904905,3690.19019019019,3640.19019019019
24.07807807807808,3684.3843843843842,3634.3843843843842
24.107107107107108,3678.5785785785783,3628.5785785785783
24.136136136136138,3672.7727727727724,3622.7727727727724
24.165165165165167,3666.9669669669665,3616.9669669669665
24.194194194194196,3661.1611611611606,3611.1611611611606
24.223223223223226,3655.3553553553547,3605.3553553553547
24.252252252252255,3649.549549549549,3599.549549549549
24.28128128128128,3643.743743743744,3593.743743743744
24.31031031031031,3637.937937937938,3587.937937937938
24.33933933933934,3632.132132132132,3582.132132132132
24.36836836836837,3626.326326326326,3576.326326326326
24.3973973973974,3620.52052052052,3570.52052052052
24.426426426426428,3614.7147147147143,3564.7147147147143
24.455455455455457,3608.9089089089084,3558.9089089089084
24.484484484484486,3603.1031031031025,3553.1031031031025
24.513513513513516,3597.2972972972966,3547.2972972972966
24.542542542542545,3591.491491491491,3541.491491491491
24.57157157157157,3585.6856856856857,3535.6856856856857
24.6006006006006,3579.87987987988,3529.87987987988
24.62962962962963,3574.074074074074,3524.074074074074
24.65865865865866,3568.268268268268,3518.268268268268
24.68768768768769,3562.462462462462,3512.462462462462
24.716716716716718,3556.656656656656,3506.656656656656
24.745745745745747,3550.8508508508507,3500.8508508508507
24.774774774774777,3545.045045045045,3495.045045045045
24.803803803803806,3539.239239239239,3489.239239239239
24.832832832832835,3533.433433433433,3483.433433433433
24.861861861861865,3527.627627627627,3477.627627627627
24.89089089089089,3521.8218218218217,3471.8218218218217
24.91991991991992,3516.016016016016,3466.016016016016
24.94894894894895,3510.2102102102103,3460.2102102102103
24.97797797797798,3504.4044044044044,3454.4044044044044
25.007007007007008,3499.299299299299,3449.299299299299
25.036036036036037,3496.396396396396,3446.396396396396
25.065065065065067,3493.493493493493,3443.493493493493
25.094094094094096,3490.59059059059,3440.59059059059
25.123123123123126,3487.6876876876872,3437.6876876876872
25.152152152152155,3484.7847847847843,3434.7847847847843
25.18118118118118,3481.881881881882,3431.881881881882
25.21021021021021,3478.978978978979,3428.978978978979
25.23923923923924,3476.076076076076,3426.076076076076
25.26826826826827,3473.173173173173,3423.173173173173
25.2972972972973,3470.27027027027,3420.27027027027
25.326326326326328,3467.367367367367,3417.367367367367
25.355355355355357,3464.464464464464,3414.464464464464
25.384384384384386,3461.5615615615616,3411.5615615615616
25.413413413413416,3458.6586586586586,3408.6586586586586
25.442442442442445,3455.7557557557557,3405.7557557557557
25.47147147147147,3452.8528528528527,3402.8528528528527
25.5005005005005,3449.9499499499498,3399.9499499499498
25.52952952952953,3447.047047047047,3397.047047047047
25.55855855855856,3444.144144144144,3394.144144144144
25.58758758758759,3441.2412412412414,3391.2412412412414
25.616616616616618,3438.3383383383384,3388.3383383383384
25.645645645645647,3435.4354354354355,3385.4354354354355
25.674674674674677,3432.5325325325325,3382.5325325325325
25.703703703703706,3429.6296296296296,3379.6296296296296
25.732732732732735,3426.7267267267266,3376.7267267267266
25.761761761761765,3423.8238238238237,3373.8238238238237
25.79079079079079,3420.920920920921,3370.920920920921
25.81981981981982,3418.018018018018,3368.018018018018
25.84884884884885,3415.1151151151153,3365.1151151151153
25.87787787787788,3412.2122122122123,3362.2122122122123
25.906906906906908,3409.3093093093094,3359.3093093093094
25.935935935935937,3406.4064064064064,3356.4064064064064
25.964964964964967,3403.5035035035035,3353.5035035035035
25.993993993993996,3400.6006006006005,3350.6006006006005
26.023023023023026,3397.6976976976975,3347.6976976976975
26.052052052052055,3394.7947947947946,3344.7947947947946
26.08108108108108,3391.891891891892,3341.891891891892
26.11011011011011,3388.988988988989,3338.988988988989
26.13913913913914,3386.086086086086,3336.086086086086
26.16816816816817,3383.1831831831832,3333.1831831831832
26.197197197197198,3380.2802802802803,3330.2802802802803
26.226226226226228,3377.3773773773773,3327.3773773773773
26.255255255255257,3374.4744744744744,3324.4744744744744
26.284284284284286,3371.5715715715714,3321.5715715715714
26.313313313313316,3368.6686686686685,3318.6686686686685
26.342342342342345,3365.7657657657655,3315.7657657657655
26.371371371371374,3362.8628628628626,3312.8628628628626
26.4004004004004,3359.95995995996,3309.95995995996
26.42942942942943,3357.057057057057,3307.057057057057
26.45845845845846,3354.154154154154,3304.154154154154
26.48748748748749,3351.2512512512512,3301.2512512512512
26.516516516516518,3348.3483483483483,3298.3483483483483
26.545545545545547,3345.4454454454453,3295.4454454454453
26.574574574574577,3342.5425425425424,3292.5425425425424
26.603603603603606,3339.6396396396394,3289.6396396396394
26.632632632632635,3336.7367367367365,3286.7367367367365
26.661661661661665,3333.8338338338335,3283.8338338338335
26.69069069069069,3330.930930930931,3280.930930930931
26.71971971971972,3328.028028028028,3278.028028028028
26.74874874874875,3325.125125125125,3275.125125125125
26.77777777777778,3322.222222222222,3272.222222222222
26.806806806806808,3319.319319319319,3269.319319319319
26.835835835835837,3316.4164164164163,3266.4164164164163
26.864864864864867,3313.5135135135133,3263.5135135135133
26.893893893893896,3310.6106106106104,3260.6106106106104
26.922922922922925,3307.7077077077074,3257.7077077077074
26.951951951951955,3304.8048048048045,3254.8048048048045
26.98098098098098,3301.901901901902,3251.901901901902
27.01001001001001,3298.998998998999,3248.998998998999
27.03903903903904,3296.096096096096,3246.096096096096
27.06806806806807,3293.193193193193,3243.193193193193
27.097097097097098,3290.29029029029,3240.29029029029
27.126126126126128,3287.387387387387,3237.387387387387
27.155155155155157,3284.4844844844843,3234.4844844844843
27.184184184184186,3281.5815815815813,3231.5815815815813
27.213213213213216,3278.6786786786784,3228.6786786786784
27.242242242242245,3275.7757757757754,3225.7757757757754
27.271271271271274,3272.8728728728724,3222.8728728728724
27.3003003003003,3269.96996996997,3219.96996996997
27.32932932932933,3267.067067067067,3217.067067067067
27.35835835835836,3264.164164164164,3214.164164164164
27.38738738738739,3261.261261261261,3211.261261261261
27.416416416416418,3258.358358358358,3208.358358358358
27.445445445445447,3255.455455455455,3205.455455455455
27.474474474474476,3252.5525525525522,3202.5525525525522
27.503503503503506,3249.6496496496493,3199.6496496496493
27.532532532532535,3246.7467467467463,3196.7467467467463
27.561561561561565,3243.8438438438434,3193.8438438438434
27.59059059059059,3240.940940940941,3190.940940940941
27.61961961961962,3238.038038038038,3188.038038038038
27.64864864864865,3235.135135135135,3185.135135135135
27.67767767767768,3232.232232232232,3182.232232232232
27.706706706706708,3229.329329329329,3179.329329329329
27.735735735735737,3226.426426426426,3176.426426426426
27.764764764764767,3223.523523523523,3173.523523523523
27.793793793793796,3220.6206206206202,3170.6206206206202
27.822822822822825,3217.7177177177173,3167.7177177177173
27.851851851851855,3214.8148148148143,3164.8148148148143
27.88088088088088,3211.911911911912,3161.911911911912
27.90990990990991,3209.009009009009,3159.009009009009
27.93893893893894,3206.106106106106,3156.106106106106
27.96796796796797,3203.203203203203,3153.203203203203
27.996996996996998,3200.3003003003,3150.3003003003
28.026026026026027,3197.397397397397,3147.397397397397
28.055055055055057,3194.494494494494,3144.494494494494
28.084084084084086,3191.591591591591,3141.591591591591
28.113113113113116,3188.6886886886887,3138.6886886886887
28.142142142142145,3185.7857857857857,3135.7857857857857
28.171171171171174,3182.8828828828828,3132.8828828828828
28.2002002002002,3179.97997997998,3129.97997997998
28.22922922922923,3177.077077077077,3127.077077077077
28.25825825825826,3174.174174174174,3124.174174174174
28.28728728728729,3171.271271271271,3121.271271271271
28.316316316316318,3168.3683683683685,3118.3683683683685
28.345345345345347,3165.4654654654655,3115.4654654654655
28.374374374374376,3162.5625625625626,3112.5625625625626
28.403403403403406,3159.6596596596596,3109.6596596596596
28.432432432432435,3156.7567567567567,3106.7567567567567
28.461461461461464,3153.8538538538537,3103.8538538538537
28.49049049049049,3150.9509509509508,3100.9509509509508
28.51951951951952,3148.0480480480483,3098.0480480480483
28.54854854854855,3145.1451451451453,3095.1451451451453
28.57757757757758,3142.2422422422424,3092.2422422422424
28.606606606606608,3139.3393393393394,3089.3393393393394
28.635635635635637,3136.4364364364365,3086.4364364364365
28.664664664664667,3133.5335335335335,3083.5335335335335
28.693693693693696,3130.6306306306305,3080.6306306306305
28.722722722722725,3127.7277277277276,3077.7277277277276
28.751751751751755,3124.8248248248246,3074.8248248248246
28.78078078078078,3121.921921921922,3071.921921921922
28.80980980980981,3119.019019019019,3069.019019019019
28.83883883883884,3116.1161161161162,3066.1161161161162
28.86786786786787,3113.2132132132133,3063.2132132132133
28.896896896896898,3110.3103103103103,3060.3103103103103
28.925925925925927,3107.4074074074074,3057.4074074074074
28.954954954954957,3104.5045045045044,3054.5045045045044
28.983983983983986,3101.6016016016015,3051.6016016016015
29.013013013013015,3098.6986986986985,3048.6986986986985
29.042042042042045,3095.7957957957956,3045.7957957957956
29.071071071071074,3092.8928928928926,3042.8928928928926
29.1001001001001,3089.98998998999,3039.98998998999
29.12912912912913,3087.087087087087,3037.087087087087
29.15815815815816,3084.1841841841842,3034.1841841841842
29.187187187187188,3081.2812812812813,3031.2812812812813
29.216216216216218,3078.3783783783783,3028.3783783783783
29.245245245245247,3075.4754754754754,3025.4754754754754
29.274274274274276,3072.5725725725724,3022.5725725725724
29.303303303303306,3069.6696696696695,3019.6696696696695
29.332332332332335,3066.7667667667665,3016.7667667667665
29.361361361361364,3063.8638638638636,3013.8638638638636
29.39039039039039,3060.960960960961,3010.960960960961
29.41941941941942,3058.058058058058,3008.058058058058
29.44844844844845,3055.155155155155,3005.155155155155
29.47747747747748,3052.252252252252,3002.252252252252
29.506506506506508,3049.3493493493493,2999.3493493493493
29.535535535535537,3046.4464464464463,2996.4464464464463
29.564564564564566,3043.5435435435434,2993.5435435435434
29.593593593593596,3040.6406406406404,2990.6406406406404
29.622622622622625,3037.7377377377375,2987.7377377377375
29.651651651651655,3034.8348348348345,2984.8348348348345
29.68068068068068,3031.931931931932,2981.931931931932
29.70970970970971,3029.029029029029,2979.029029029029
29.73873873873874,3026.126126126126,2976.126126126126
29.76776776776777,3023.223223223223,2973.223223223223
29.796796796796798,3020.32032032032,2970.32032032032
29.825825825825827,3017.4174174174173,2967.4174174174173
29.854854854854857,3014.5145145145143,2964.5145145145143
29.883883883883886,3011.6116116116114,2961.6116116116114
29.912912912912915,3008.7087087087084,2958.7087087087084
29.941941941941945,3005.8058058058054,2955.8058058058054
29.970970970970974,3002.9029029029025,2952.9029029029025
30.0,3000.0,2950.0
